{
  "SharedMemoryContentTopic": {
    "Data Size": 52,
    "History Depth": 3,
    "Cells Count": 10
  },
  "testStructOneTopic":{
    "Data Size": 25,
    "History Depth": 4,
    "Cells Count": 10
  },
  "testStructTwoTopic": {
    "Data Size": 52,
    "History Depth": 2,
    "Cells Count": 7
  },
  "testStructThreeTopic": {
    "Data Size": 40,
    "History Depth": 3,
    "Cells Count": 10
  },
  "testStructFourTopic": {
    "Data Size": 152,
    "History Depth": 5,
    "Cells Count": 12
  }
}